{
  "crop_id": "bittergourd",
  "crop_name": "Bitter Gourd",
  "crop_name_hi": "\u0915\u0930\u0947\u0932\u093e",
  "outputs": [
    "N",
    "P",
    "K"
  ],
  "created_at": "2026-01-02T19:26:09.231260",
  "training_images": 1177,
  "test_accuracy": 0.879746835443038,
  "test_accuracy_tta": 0.879746835443038,
  "test_f1": 0.468013468013468,
  "test_auc": NaN,
  "per_class_accuracy": {
    "N": 0.47468354430379744,
    "P": null,
    "K": 0.7151898734177216
  },
  "per_class_f1": {
    "N": 0.6437768240343348,
    "P": null,
    "K": 0.0
  },
  "per_class_auc": {
    "N": 0.5146987951807229,
    "P": null,
    "K": 0.7294985250737464
  },
  "class_balance": {
    "N": 0.4980891719745223,
    "P": 0.0,
    "K": 0.2840764331210191
  },
  "trainable_outputs": [
    "N",
    "K"
  ],
  "degenerate_outputs": [
    "P"
  ],
  "config": {
    "image_size": [
      224,
      224
    ],
    "batch_size": 32,
    "epochs": 30,
    "learning_rate": 0.0001,
    "validation_split": 0.2,
    "label_smoothing": 0.1,
    "mixup_alpha": 0.2,
    "focal_gamma": 2.0,
    "warmup_epochs": 3,
    "patience": 10,
    "backbone": "efficientnetb0"
  },
  "backbone": "efficientnetb0"
}