{"accuracy": [0.3036832809448242, 0.4855925738811493, 0.5452267527580261, 0.5790528655052185, 0.6269105672836304, 0.6211475729942322, 0.6381859183311462, 0.6171385645866394, 0.6639940142631531, 0.6529691815376282, 0.6730142831802368, 0.6672512888908386, 0.70082688331604, 0.7013279795646667, 0.6930593848228455, 0.6885492205619812, 0.7075920701026917, 0.7166123986244202, 0.7238787412643433, 0.714357316493988, 0.7687296271324158, 0.7499373555183411, 0.7444249391555786, 0.7308945059776306, 0.7281383275985718, 0.7313956618309021, 0.7950388193130493, 0.7474316954612732, 0.7263843417167664, 0.7384114265441895], "loss": [2.6169872283935547, 1.9156945943832397, 1.6745189428329468, 1.5747740268707275, 1.251660704612732, 1.5494085550308228, 1.3710722923278809, 1.6114447116851807, 1.2695482969284058, 1.3923355340957642, 1.1974607706069946, 1.378117322921753, 1.1083903312683105, 1.191601037979126, 1.2334235906600952, 1.2589668035507202, 1.1521273851394653, 1.074019432067871, 1.0795068740844727, 1.1575186252593994, 0.7549464702606201, 1.0239509344100952, 1.0330744981765747, 1.1298338174819946, 1.2077866792678833, 1.1146090030670166, 0.6994845867156982, 1.0944069623947144, 1.2465035915374756, 1.1344190835952759], "top3_acc": [0.5534953474998474, 0.7584565281867981, 0.8008018136024475, 0.8316211700439453, 0.8777248859405518, 0.8383863568305969, 0.8684540390968323, 0.8253570795059204, 0.8847406506538391, 0.8606865406036377, 0.8990228176116943, 0.8697068691253662, 0.9000250697135925, 0.8925081491470337, 0.8852418065071106, 0.8792282342910767, 0.8947632312774658, 0.9175645112991333, 0.9120520949363708, 0.8997744917869568, 0.9521422982215881, 0.9195690155029297, 0.9145577549934387, 0.8972688317298889, 0.891004741191864, 0.9052869081497192, 0.963167130947113, 0.909295916557312, 0.882235050201416, 0.9037835001945496], "val_accuracy": [0.6920762062072754, 0.7372116446495056, 0.7512537837028503, 0.7893680930137634, 0.8114343285560608, 0.8134403228759766, 0.8154463171958923, 0.8385155200958252, 0.8505516648292542, 0.8194583654403687, 0.8335005044937134, 0.8495486378669739, 0.8605817556381226, 0.8676028251647949, 0.858575701713562, 0.8665997982025146, 0.8615847826004028, 0.870611846446991, 0.8766298890113831, 0.8726178407669067, 0.8916749954223633, 0.8956870436668396, 0.8856569528579712, 0.8946840763092041, 0.8966900706291199, 0.8936810493469238, 0.9077231884002686, 0.902708113193512, 0.9007021188735962, 0.9107322096824646], "val_loss": [1.4119147062301636, 0.9551743865013123, 0.7501667141914368, 0.6413053870201111, 0.5998886823654175, 0.5767736434936523, 0.5766931772232056, 0.549132764339447, 0.508760929107666, 0.55662602186203, 0.5122060179710388, 0.486817330121994, 0.46338024735450745, 0.4725880026817322, 0.44627827405929565, 0.46995028853416443, 0.4275549650192261, 0.4307728409767151, 0.44854268431663513, 0.4642823338508606, 0.38847267627716064, 0.39836597442626953, 0.3861696124076843, 0.3914862871170044, 0.38776466250419617, 0.39879724383354187, 0.361963152885437, 0.3836946487426758, 0.3939736485481262, 0.36934950947761536], "val_top3_acc": [0.9077231884002686, 0.95586758852005, 0.9608826637268066, 0.981945812702179, 0.9839518666267395, 0.9849548935890198, 0.9849548935890198, 0.9849548935890198, 0.9889668822288513, 0.9849548935890198, 0.9869608879089355, 0.9909729361534119, 0.9939819574356079, 0.9929789304733276, 0.9929789304733276, 0.9909729361534119, 0.9939819574356079, 0.9939819574356079, 0.9929789304733276, 0.9919759035110474, 0.9939819574356079, 0.9949849843978882, 0.9939819574356079, 0.9949849843978882, 0.9949849843978882, 0.996990978717804, 0.9959879517555237, 0.9929789304733276, 0.9929789304733276, 0.9959879517555237], "learning_rate": [0.0005000000237487257, 0.0005000000237487257, 0.0005000000237487257, 0.0005000000237487257, 0.0005000000237487257, 0.0005000000237487257, 0.0005000000237487257, 0.0005000000237487257, 0.0005000000237487257, 0.0005000000237487257, 0.0005000000237487257, 0.0005000000237487257, 0.0005000000237487257, 0.0005000000237487257, 0.0005000000237487257, 0.0005000000237487257, 0.0005000000237487257, 0.0005000000237487257, 0.0005000000237487257, 0.0005000000237487257, 0.0002500000118743628, 0.0002500000118743628, 0.0002500000118743628, 0.0002500000118743628, 0.0002500000118743628, 0.0002500000118743628, 0.0001250000059371814, 0.0001250000059371814, 0.0001250000059371814, 0.0001250000059371814]}