{
  "crop_id": "maize",
  "crop_name": "Maize",
  "crop_name_hi": "\u092e\u0915\u094d\u0915\u093e",
  "outputs": [
    "N",
    "P",
    "K"
  ],
  "created_at": "2026-01-02T16:14:35.063530",
  "training_images": 6000,
  "test_accuracy": 0.64125,
  "test_accuracy_tta": 0.64125,
  "test_f1": 0.26047220106626046,
  "test_auc": 0.5373798643106027,
  "per_class_accuracy": {
    "N": 0.3175,
    "P": 0.64625,
    "K": 0.635
  },
  "per_class_f1": {
    "N": 0.4819734345351044,
    "P": 0.0,
    "K": 0.0
  },
  "per_class_auc": {
    "N": 0.4749502466037899,
    "P": 0.4812932725495691,
    "K": 0.655896073778449
  },
  "class_balance": {
    "N": 0.331625,
    "P": 0.336,
    "K": 0.3325
  },
  "trainable_outputs": [
    "N",
    "P",
    "K"
  ],
  "degenerate_outputs": [],
  "config": {
    "image_size": [
      224,
      224
    ],
    "batch_size": 32,
    "epochs": 30,
    "learning_rate": 0.0001,
    "validation_split": 0.2,
    "label_smoothing": 0.1,
    "mixup_alpha": 0.2,
    "focal_gamma": 2.0,
    "warmup_epochs": 3,
    "patience": 10,
    "backbone": "efficientnetb0"
  },
  "backbone": "efficientnetb0"
}