{
  "crop_id": "maize",
  "crop_name": "Maize",
  "crop_name_hi": "\u092e\u0915\u094d\u0915\u093e",
  "outputs": [
    "N",
    "P",
    "K"
  ],
  "created_at": "2026-01-02T03:53:34.472567",
  "training_images": 6000,
  "test_accuracy": 0.165,
  "test_accuracy_tta": 0.165,
  "test_f1": 0.0944206008583691,
  "test_auc": 0.44243157018650847,
  "per_class_accuracy": {
    "N": 0.6525,
    "P": 0.64125,
    "K": 0.3475
  },
  "per_class_f1": {
    "N": 0.0,
    "P": 0.0,
    "K": 0.5157699443413729
  },
  "per_class_auc": {
    "N": 0.4090382866120897,
    "P": 0.45427932976071617,
    "K": 0.46397709418671956
  },
  "class_balance": {
    "N": 0.34075,
    "P": 0.3345,
    "K": 0.33775
  },
  "trainable_outputs": [
    "N",
    "P",
    "K"
  ],
  "degenerate_outputs": [],
  "config": {
    "image_size": [
      224,
      224
    ],
    "batch_size": 24,
    "epochs": 50,
    "learning_rate": 0.0001,
    "validation_split": 0.2,
    "label_smoothing": 0.1,
    "mixup_alpha": 0.2,
    "focal_gamma": 2.0,
    "warmup_epochs": 5,
    "patience": 15,
    "backbone": "efficientnetb0"
  },
  "backbone": "efficientnetb0"
}