{
  "crop_id": "snakegourd",
  "crop_name": "Snake Gourd",
  "crop_name_hi": "\u091a\u093f\u091a\u093f\u0902\u0921\u093e",
  "outputs": [
    "N",
    "P",
    "K"
  ],
  "created_at": "2026-01-02T11:02:57.160292",
  "training_images": 684,
  "test_accuracy": 0.8695652173913043,
  "test_accuracy_tta": 0.8695652173913043,
  "test_f1": 0.46511627906976744,
  "test_auc": NaN,
  "per_class_accuracy": {
    "N": 0.6956521739130435,
    "P": null,
    "K": 0.358695652173913
  },
  "per_class_f1": {
    "N": 0.8205128205128205,
    "P": null,
    "K": 0.0
  },
  "per_class_auc": {
    "N": 0.3861607142857143,
    "P": null,
    "K": 0.4548022598870056
  },
  "class_balance": {
    "N": 0.6754385964912281,
    "P": 0.0,
    "K": 0.5745614035087719
  },
  "trainable_outputs": [
    "N",
    "K"
  ],
  "degenerate_outputs": [
    "P"
  ],
  "config": {
    "image_size": [
      224,
      224
    ],
    "batch_size": 24,
    "epochs": 50,
    "learning_rate": 0.0001,
    "validation_split": 0.2,
    "label_smoothing": 0.1,
    "mixup_alpha": 0.2,
    "focal_gamma": 2.0,
    "warmup_epochs": 5,
    "patience": 15,
    "backbone": "efficientnetb0"
  },
  "backbone": "efficientnetb0"
}