{
  "crop_id": "rice",
  "crop_name": "Rice",
  "crop_name_hi": "\u091a\u093e\u0935\u0932",
  "outputs": [
    "N",
    "P",
    "K"
  ],
  "created_at": "2026-01-02T00:39:35.138500",
  "training_images": 1734,
  "test_accuracy": 0.35344827586206895,
  "test_accuracy_tta": 0.35344827586206895,
  "test_f1": 0.1740976645435244,
  "test_auc": 0.34877260192360793,
  "per_class_accuracy": {
    "N": 0.35344827586206895,
    "P": 0.7025862068965517,
    "K": 0.6508620689655172
  },
  "per_class_f1": {
    "N": 0.5222929936305732,
    "P": 0.0,
    "K": 0.0
  },
  "per_class_auc": {
    "N": 0.27284552845528454,
    "P": 0.37178803236418606,
    "K": 0.4016842449513531
  },
  "class_balance": {
    "N": 0.3806228373702422,
    "P": 0.2880622837370242,
    "K": 0.3313148788927336
  },
  "trainable_outputs": [
    "N",
    "P",
    "K"
  ],
  "degenerate_outputs": [],
  "config": {
    "image_size": [
      224,
      224
    ],
    "batch_size": 24,
    "epochs": 50,
    "learning_rate": 0.0001,
    "validation_split": 0.2,
    "label_smoothing": 0.1,
    "mixup_alpha": 0.2,
    "focal_gamma": 2.0,
    "warmup_epochs": 5,
    "patience": 15,
    "backbone": "efficientnetb0"
  },
  "backbone": "efficientnetb0"
}