{
  "crop_id": "coffee",
  "crop_name": "Coffee",
  "crop_name_hi": "\u0915\u0949\u092b\u0940",
  "outputs": [
    "N",
    "P",
    "K"
  ],
  "created_at": "2026-01-02T07:33:24.869452",
  "training_images": 1509,
  "test_accuracy": 0.2376237623762376,
  "test_accuracy_tta": 0.2376237623762376,
  "test_f1": 0.128,
  "test_auc": 0.45146991226585703,
  "per_class_accuracy": {
    "N": 0.905940594059406,
    "P": 0.2376237623762376,
    "K": 0.900990099009901
  },
  "per_class_f1": {
    "N": 0.0,
    "P": 0.384,
    "K": 0.0
  },
  "per_class_auc": {
    "N": 0.3528904227782571,
    "P": 0.6423160173160173,
    "K": 0.3592032967032967
  },
  "class_balance": {
    "N": 0.0636182902584493,
    "P": 0.24453280318091453,
    "K": 0.09542743538767395
  },
  "trainable_outputs": [
    "N",
    "P",
    "K"
  ],
  "degenerate_outputs": [],
  "config": {
    "image_size": [
      224,
      224
    ],
    "batch_size": 24,
    "epochs": 50,
    "learning_rate": 0.0001,
    "validation_split": 0.2,
    "label_smoothing": 0.1,
    "mixup_alpha": 0.2,
    "focal_gamma": 2.0,
    "warmup_epochs": 5,
    "patience": 15,
    "backbone": "efficientnetb0"
  },
  "backbone": "efficientnetb0"
}