{
  "crop_id": "eggplant",
  "crop_name": "Eggplant",
  "crop_name_hi": "\u092c\u0948\u0902\u0917\u0928",
  "outputs": [
    "N",
    "P",
    "K"
  ],
  "created_at": "2026-01-02T08:20:23.169194",
  "training_images": 1027,
  "test_accuracy": 0.13043478260869565,
  "test_accuracy_tta": 0.13043478260869565,
  "test_f1": 0.11538461538461539,
  "test_auc": NaN,
  "per_class_accuracy": {
    "N": 0.7971014492753623,
    "P": null,
    "K": 0.2463768115942029
  },
  "per_class_f1": {
    "N": 0.0,
    "P": null,
    "K": 0.3953488372093023
  },
  "per_class_auc": {
    "N": 0.5290584415584415,
    "P": null,
    "K": 0.3721719457013575
  },
  "class_balance": {
    "N": 0.25255474452554744,
    "P": 0.0,
    "K": 0.3094890510948905
  },
  "trainable_outputs": [
    "N",
    "K"
  ],
  "degenerate_outputs": [
    "P"
  ],
  "config": {
    "image_size": [
      224,
      224
    ],
    "batch_size": 24,
    "epochs": 50,
    "learning_rate": 0.0001,
    "validation_split": 0.2,
    "label_smoothing": 0.1,
    "mixup_alpha": 0.2,
    "focal_gamma": 2.0,
    "warmup_epochs": 5,
    "patience": 15,
    "backbone": "efficientnetb0"
  },
  "backbone": "efficientnetb0"
}