{
  "crop_id": "eggplant",
  "crop_name": "Eggplant",
  "crop_name_hi": "\u092c\u0948\u0902\u0917\u0928",
  "outputs": [
    "N",
    "P",
    "K"
  ],
  "created_at": "2026-01-02T18:42:12.714789",
  "training_images": 1027,
  "test_accuracy": 0.8695652173913043,
  "test_accuracy_tta": 0.8695652173913043,
  "test_f1": 0.46511627906976744,
  "test_auc": NaN,
  "per_class_accuracy": {
    "N": 0.2028985507246377,
    "P": null,
    "K": 0.7536231884057971
  },
  "per_class_f1": {
    "N": 0.3373493975903614,
    "P": null,
    "K": 0.0
  },
  "per_class_auc": {
    "N": 0.6397727272727273,
    "P": null,
    "K": 0.5384615384615384
  },
  "class_balance": {
    "N": 0.25255474452554744,
    "P": 0.0,
    "K": 0.3094890510948905
  },
  "trainable_outputs": [
    "N",
    "K"
  ],
  "degenerate_outputs": [
    "P"
  ],
  "config": {
    "image_size": [
      224,
      224
    ],
    "batch_size": 32,
    "epochs": 30,
    "learning_rate": 0.0001,
    "validation_split": 0.2,
    "label_smoothing": 0.1,
    "mixup_alpha": 0.2,
    "focal_gamma": 2.0,
    "warmup_epochs": 3,
    "patience": 10,
    "backbone": "efficientnetb0"
  },
  "backbone": "efficientnetb0"
}