{
  "maize_ALL Present": {
    "precision": 1.0,
    "recall": 0.9285714285714286,
    "f1-score": 0.9629629629629629,
    "support": 28.0
  },
  "maize_ALLAB": {
    "precision": 0.9787234042553191,
    "recall": 1.0,
    "f1-score": 0.989247311827957,
    "support": 46.0
  },
  "maize_KAB": {
    "precision": 0.9852941176470589,
    "recall": 1.0,
    "f1-score": 0.9925925925925926,
    "support": 67.0
  },
  "maize_NAB": {
    "precision": 1.0,
    "recall": 1.0,
    "f1-score": 1.0,
    "support": 22.0
  },
  "maize_PAB": {
    "precision": 0.9871794871794872,
    "recall": 1.0,
    "f1-score": 0.9935483870967742,
    "support": 77.0
  },
  "maize_ZNAB": {
    "precision": 1.0,
    "recall": 0.9743589743589743,
    "f1-score": 0.987012987012987,
    "support": 39.0
  },
  "rice_Nitrogen(N)": {
    "precision": 1.0,
    "recall": 1.0,
    "f1-score": 1.0,
    "support": 11.0
  },
  "rice_Phosphorus(P)": {
    "precision": 1.0,
    "recall": 1.0,
    "f1-score": 1.0,
    "support": 2.0
  },
  "rice_Potassium(K)": {
    "precision": 1.0,
    "recall": 1.0,
    "f1-score": 1.0,
    "support": 5.0
  },
  "tomato_Tomato - Healthy": {
    "precision": 1.0,
    "recall": 1.0,
    "f1-score": 1.0,
    "support": 4.0
  },
  "tomato_Tomato - Leaf Miner": {
    "precision": 1.0,
    "recall": 1.0,
    "f1-score": 1.0,
    "support": 3.0
  },
  "tomato_Tomato - Mite": {
    "precision": 1.0,
    "recall": 1.0,
    "f1-score": 1.0,
    "support": 1.0
  },
  "wheat_control": {
    "precision": 0.75,
    "recall": 1.0,
    "f1-score": 0.8571428571428571,
    "support": 6.0
  },
  "wheat_deficiency": {
    "precision": 1.0,
    "recall": 0.7777777777777778,
    "f1-score": 0.875,
    "support": 9.0
  },
  "accuracy": 0.984375,
  "macro avg": {
    "precision": 0.9786569292201331,
    "recall": 0.9771934414791559,
    "f1-score": 0.9755362213311523,
    "support": 320.0
  },
  "weighted avg": {
    "precision": 0.9860900093466192,
    "recall": 0.984375,
    "f1-score": 0.9843332264173998,
    "support": 320.0
  }
}